EF1.fq	Pcdh-del.Watson.ref
EF10.fq	Pcdh-del.Watson.ref
EF2.fq	Pcdh-del.Watson.ref
EF11.fq	Pcdh-del.Watson.ref
EF3.fq	Pcdh-del.Watson.ref
EF12.fq	Pcdh-del.Watson.ref
EF4.fq	Pcdh-del.Watson.ref
EF13.fq	Pcdh-del.Watson.ref
EF5.fq	Pcdh-del.Watson.ref
EF14.fq	Pcdh-del.Watson.ref
EF6.fq	Pcdh-del.Watson.ref
EF15.fq	Pcdh-del.Watson.ref
EF8.fq	Pcdh-del.Watson.ref
EF17.fq	Pcdh-del.Watson.ref
EF9.fq	Pcdh-del.Watson.ref
EF18.fq	Pcdh-del.Watson.ref
EF19.fq	Pcdh-up.Watson.ref
EF28.fq	Pcdh-up.Watson.ref
EF20.fq	Pcdh-up.Watson.ref
EF29.fq	Pcdh-up.Watson.ref
EF21.fq	Pcdh-up.Watson.ref
EF30.fq	Pcdh-up.Watson.ref
EF22.fq	Pcdh-up.Watson.ref
EF31.fq	Pcdh-up.Watson.ref
EF23.fq	Pcdh-up.Watson.ref
EF32.fq	Pcdh-up.Watson.ref
EF24.fq	Pcdh-up.Watson.ref
EF33.fq	Pcdh-up.Watson.ref
EF26.fq	Pcdh-up.Watson.ref
EF35.fq	Pcdh-up.Watson.ref
EF27.fq	Pcdh-up.Watson.ref
EF36.fq	Pcdh-up.Watson.ref
tEF37.fq	Pcdh-down.Watson.ref
tEF46.fq	Pcdh-down.Watson.ref
tEF38.fq	Pcdh-down.Watson.ref
tEF47.fq	Pcdh-down.Watson.ref
tEF39.fq	Pcdh-down.Watson.ref
tEF48.fq	Pcdh-down.Watson.ref
tEF40.fq	Pcdh-down.Watson.ref
tEF49.fq	Pcdh-down.Watson.ref
tEF41.fq	Pcdh-down.Watson.ref
tEF50.fq	Pcdh-down.Watson.ref
tEF42.fq	Pcdh-down.Watson.ref
tEF51.fq	Pcdh-down.Watson.ref
tEF44.fq	Pcdh-down.Watson.ref
tEF53.fq	Pcdh-down.Watson.ref
tEF45.fq	Pcdh-down.Watson.ref
tEF54.fq	Pcdh-down.Watson.ref
NP1.fq	Pcdh-dup.Watson.ref
NP2.fq	Pcdh-dup.Watson.ref
NP9.fq	Pcdh-dup.Watson.ref
NP10.fq	Pcdh-dup.Watson.ref
NP17.fq	Pcdh-dup.Watson.ref
NP18.fq	Pcdh-dup.Watson.ref
NP7.fq	Pcdh-dup.Watson.ref
NP8.fq	Pcdh-dup.Watson.ref
NP15.fq	Pcdh-dup.Watson.ref
NP16.fq	Pcdh-dup.Watson.ref
NP3.fq	Pcdh-dup.Watson.ref
NP4.fq	Pcdh-dup.Watson.ref
NP5.fq	Pcdh-dup.Watson.ref
NP6.fq	Pcdh-dup.Watson.ref
NP11.fq	Pcdh-dup.Watson.ref
NP12.fq	Pcdh-dup.Watson.ref
MM1.fq	PAMI-del.Watson.ref
MM3.fq	PAMI-del.Watson.ref
MM2.fq	PAMI-del.Watson.ref
MM4.fq	PAMI-del.Watson.ref
VFRRM1.fq	PAMI-up.Watson.ref
VFRRM3.fq	PAMI-up.Watson.ref
VFRRM2.fq	PAMI-up.Watson.ref
VFRRM4.fq	PAMI-up.Watson.ref
MM9.fq	PAMI-down.Watson.ref
MM11.fq	PAMI-down.Watson.ref
MM10.fq	PAMI-down.Watson.ref
MM12.fq	PAMI-down.Watson.ref
dupRRM1.fq	PAMI-dup.Watson.ref
dupRRM3.fq	PAMI-dup.Watson.ref
dupRRM2.fq	PAMI-dup.Watson.ref
dupRRM4.fq	PAMI-dup.Watson.ref
HoxD1.fq	PAMII-del.Watson.ref
HoxD2.fq	PAMII-del.Watson.ref
HoxD3.fq	PAMII-del.Watson.ref
HoxD4.fq	PAMII-del.Watson.ref
HoxF1.fq	PAMII-up.Watson.ref
HoxF2.fq	PAMII-up.Watson.ref
HoxF3.fq	PAMII-up.Watson.ref
HoxF4.fq	PAMII-up.Watson.ref
VRHox1.fq	PAMII-down.Watson.ref
VRHox2.fq	PAMII-down.Watson.ref
VRHox3.fq	PAMII-down.Watson.ref
VRHox4.fq	PAMII-down.Watson.ref
HoxP1.fq	PAMII-dup.Watson.ref
HoxP2.fq	PAMII-dup.Watson.ref
HoxP3.fq	PAMII-dup.Watson.ref
HoxP4.fq	PAMII-dup.Watson.ref
Mu1.fq	Pcdh-del.Watson.ref
Mu2.fq	Pcdh-del.Watson.ref
Mu3.fq	Pcdh-del.Watson.ref
Mu4.fq	Pcdh-del.Watson.ref
Mu5.fq	Pcdh-del.Watson.ref
Mu6.fq	Pcdh-del.Watson.ref
Mu7.fq	Pcdh-up.Watson.ref
Mu8.fq	Pcdh-up.Watson.ref
Mu9.fq	Pcdh-up.Watson.ref
Mu10.fq	Pcdh-up.Watson.ref
Mu11.fq	Pcdh-up.Watson.ref
Mu12.fq	Pcdh-up.Watson.ref
Mu13.fq	Pcdh-down.Watson.ref
Mu14.fq	Pcdh-down.Watson.ref
Mu15.fq	Pcdh-down.Watson.ref
Mu16.fq	Pcdh-down.Watson.ref
Mu17.fq	Pcdh-down.Watson.ref
Mu18.fq	Pcdh-down.Watson.ref
NP19.fq	Pcdh-dup.Watson.ref
NP20.fq	Pcdh-dup.Watson.ref
NP21.fq	Pcdh-dup.Watson.ref
NP22.fq	Pcdh-dup.Watson.ref
NP23.fq	Pcdh-dup.Watson.ref
NP24.fq	Pcdh-dup.Watson.ref
D41.fq	Pcdh-del.Watson.ref
D42.fq	Pcdh-del.Watson.ref
D1.fq	Pcdh-del.Watson.ref
D11.fq	Pcdh-del.Watson.ref
D2.fq	Pcdh-del.Watson.ref
D12.fq	Pcdh-del.Watson.ref
D3.fq	Pcdh-del.Watson.ref
D13.fq	Pcdh-del.Watson.ref
D4.fq	Pcdh-del.Watson.ref
D14.fq	Pcdh-del.Watson.ref
D5.fq	Pcdh-del.Watson.ref
D15.fq	Pcdh-del.Watson.ref
D6.fq	Pcdh-del.Watson.ref
D16.fq	Pcdh-del.Watson.ref
D7.fq	Pcdh-del.Watson.ref
D17.fq	Pcdh-del.Watson.ref
D8.fq	Pcdh-del.Watson.ref
D18.fq	Pcdh-del.Watson.ref
D9.fq	Pcdh-del.Watson.ref
D19.fq	Pcdh-del.Watson.ref
D10.fq	Pcdh-del.Watson.ref
D20.fq	Pcdh-del.Watson.ref
D21.fq	Pcdh-del.Watson.ref
D31.fq	Pcdh-del.Watson.ref
D22.fq	Pcdh-del.Watson.ref
D32.fq	Pcdh-del.Watson.ref
D23.fq	Pcdh-del.Watson.ref
D33.fq	Pcdh-del.Watson.ref
D24.fq	Pcdh-del.Watson.ref
D34.fq	Pcdh-del.Watson.ref
D25.fq	Pcdh-del.Watson.ref
D35.fq	Pcdh-del.Watson.ref
D26.fq	Pcdh-del.Watson.ref
D36.fq	Pcdh-del.Watson.ref
D27.fq	Pcdh-del.Watson.ref
D37.fq	Pcdh-del.Watson.ref
D28.fq	Pcdh-del.Watson.ref
D38.fq	Pcdh-del.Watson.ref
D29.fq	Pcdh-del.Watson.ref
D39.fq	Pcdh-del.Watson.ref
D30.fq	Pcdh-del.Watson.ref
D40.fq	Pcdh-del.Watson.ref
F41.fq	Pcdh-up.Watson.ref
F42.fq	Pcdh-up.Watson.ref
F1.fq	Pcdh-up.Watson.ref
F11.fq	Pcdh-up.Watson.ref
F2.fq	Pcdh-up.Watson.ref
F12.fq	Pcdh-up.Watson.ref
F3.fq	Pcdh-up.Watson.ref
F13.fq	Pcdh-up.Watson.ref
F4.fq	Pcdh-up.Watson.ref
F14.fq	Pcdh-up.Watson.ref
F5.fq	Pcdh-up.Watson.ref
F15.fq	Pcdh-up.Watson.ref
F6.fq	Pcdh-up.Watson.ref
F16.fq	Pcdh-up.Watson.ref
F7.fq	Pcdh-up.Watson.ref
F17.fq	Pcdh-up.Watson.ref
F8.fq	Pcdh-up.Watson.ref
F18.fq	Pcdh-up.Watson.ref
F9.fq	Pcdh-up.Watson.ref
F19.fq	Pcdh-up.Watson.ref
F10.fq	Pcdh-up.Watson.ref
F20.fq	Pcdh-up.Watson.ref
F21.fq	Pcdh-up.Watson.ref
F31.fq	Pcdh-up.Watson.ref
F22.fq	Pcdh-up.Watson.ref
F32.fq	Pcdh-up.Watson.ref
F23.fq	Pcdh-up.Watson.ref
F33.fq	Pcdh-up.Watson.ref
F24.fq	Pcdh-up.Watson.ref
F34.fq	Pcdh-up.Watson.ref
F25.fq	Pcdh-up.Watson.ref
F35.fq	Pcdh-up.Watson.ref
F26.fq	Pcdh-up.Watson.ref
F36.fq	Pcdh-up.Watson.ref
F27.fq	Pcdh-up.Watson.ref
F37.fq	Pcdh-up.Watson.ref
F28.fq	Pcdh-up.Watson.ref
F38.fq	Pcdh-up.Watson.ref
F29.fq	Pcdh-up.Watson.ref
F39.fq	Pcdh-up.Watson.ref
F30.fq	Pcdh-up.Watson.ref
F40.fq	Pcdh-up.Watson.ref
R41.fq	Pcdh-down.Watson.ref
R42.fq	Pcdh-down.Watson.ref
R1.fq	Pcdh-down.Watson.ref
R11.fq	Pcdh-down.Watson.ref
R2.fq	Pcdh-down.Watson.ref
R12.fq	Pcdh-down.Watson.ref
R3.fq	Pcdh-down.Watson.ref
R13.fq	Pcdh-down.Watson.ref
R4.fq	Pcdh-down.Watson.ref
R14.fq	Pcdh-down.Watson.ref
R5.fq	Pcdh-down.Watson.ref
R15.fq	Pcdh-down.Watson.ref
R6.fq	Pcdh-down.Watson.ref
R16.fq	Pcdh-down.Watson.ref
R7.fq	Pcdh-down.Watson.ref
R17.fq	Pcdh-down.Watson.ref
R8.fq	Pcdh-down.Watson.ref
R18.fq	Pcdh-down.Watson.ref
R9.fq	Pcdh-down.Watson.ref
R19.fq	Pcdh-down.Watson.ref
R10.fq	Pcdh-down.Watson.ref
R20.fq	Pcdh-down.Watson.ref
R21.fq	Pcdh-down.Watson.ref
R31.fq	Pcdh-down.Watson.ref
R22.fq	Pcdh-down.Watson.ref
R32.fq	Pcdh-down.Watson.ref
R23.fq	Pcdh-down.Watson.ref
R33.fq	Pcdh-down.Watson.ref
R24.fq	Pcdh-down.Watson.ref
R34.fq	Pcdh-down.Watson.ref
R25.fq	Pcdh-down.Watson.ref
R35.fq	Pcdh-down.Watson.ref
R26.fq	Pcdh-down.Watson.ref
R36.fq	Pcdh-down.Watson.ref
R27.fq	Pcdh-down.Watson.ref
R37.fq	Pcdh-down.Watson.ref
R28.fq	Pcdh-down.Watson.ref
R38.fq	Pcdh-down.Watson.ref
R29.fq	Pcdh-down.Watson.ref
R39.fq	Pcdh-down.Watson.ref
R30.fq	Pcdh-down.Watson.ref
R40.fq	Pcdh-down.Watson.ref
P41.fq	Pcdh-dup.Watson.ref
P42.fq	Pcdh-dup.Watson.ref
P1.fq	Pcdh-dup.Watson.ref
P11.fq	Pcdh-dup.Watson.ref
P2.fq	Pcdh-dup.Watson.ref
P12.fq	Pcdh-dup.Watson.ref
P3.fq	Pcdh-dup.Watson.ref
P13.fq	Pcdh-dup.Watson.ref
P4.fq	Pcdh-dup.Watson.ref
P14.fq	Pcdh-dup.Watson.ref
P5.fq	Pcdh-dup.Watson.ref
P15.fq	Pcdh-dup.Watson.ref
P6.fq	Pcdh-dup.Watson.ref
P16.fq	Pcdh-dup.Watson.ref
P7.fq	Pcdh-dup.Watson.ref
P17.fq	Pcdh-dup.Watson.ref
P8.fq	Pcdh-dup.Watson.ref
P18.fq	Pcdh-dup.Watson.ref
P9.fq	Pcdh-dup.Watson.ref
P19.fq	Pcdh-dup.Watson.ref
P10.fq	Pcdh-dup.Watson.ref
P20.fq	Pcdh-dup.Watson.ref
P21.fq	Pcdh-dup.Watson.ref
P31.fq	Pcdh-dup.Watson.ref
P22.fq	Pcdh-dup.Watson.ref
P32.fq	Pcdh-dup.Watson.ref
P23.fq	Pcdh-dup.Watson.ref
P33.fq	Pcdh-dup.Watson.ref
P24.fq	Pcdh-dup.Watson.ref
P34.fq	Pcdh-dup.Watson.ref
P25.fq	Pcdh-dup.Watson.ref
P35.fq	Pcdh-dup.Watson.ref
P26.fq	Pcdh-dup.Watson.ref
P36.fq	Pcdh-dup.Watson.ref
P27.fq	Pcdh-dup.Watson.ref
P37.fq	Pcdh-dup.Watson.ref
P28.fq	Pcdh-dup.Watson.ref
P38.fq	Pcdh-dup.Watson.ref
P29.fq	Pcdh-dup.Watson.ref
P39.fq	Pcdh-dup.Watson.ref
P30.fq	Pcdh-dup.Watson.ref
P40.fq	Pcdh-dup.Watson.ref
DA1.fq	PAMI-del.Watson.ref
DA2.fq	PAMI-del.Watson.ref
DA3.fq	PAMI-del.Watson.ref
DA4.fq	PAMI-del.Watson.ref
DA5.fq	PAMI-del.Watson.ref
DA6.fq	PAMI-del.Watson.ref
DA7.fq	PAMI-del.Watson.ref
DA8.fq	PAMI-del.Watson.ref
DA9.fq	PAMI-del.Watson.ref
DA10.fq	PAMI-del.Watson.ref
DA11.fq	PAMI-del.Watson.ref
DA12.fq	PAMI-del.Watson.ref
DA13.fq	PAMI-del.Watson.ref
DA14.fq	PAMI-del.Watson.ref
DA15.fq	PAMI-del.Watson.ref
DA16.fq	PAMI-del.Watson.ref
FA1.fq	PAMI-up.Watson.ref
FA2.fq	PAMI-up.Watson.ref
FA3.fq	PAMI-up.Watson.ref
FA4.fq	PAMI-up.Watson.ref
FA5.fq	PAMI-up.Watson.ref
FA6.fq	PAMI-up.Watson.ref
FA7.fq	PAMI-up.Watson.ref
FA8.fq	PAMI-up.Watson.ref
FA9.fq	PAMI-up.Watson.ref
FA10.fq	PAMI-up.Watson.ref
FA11.fq	PAMI-up.Watson.ref
FA12.fq	PAMI-up.Watson.ref
FA13.fq	PAMI-up.Watson.ref
FA14.fq	PAMI-up.Watson.ref
FA15.fq	PAMI-up.Watson.ref
FA16.fq	PAMI-up.Watson.ref
RA1.fq	PAMI-down.Watson.ref
RA2.fq	PAMI-down.Watson.ref
RA3.fq	PAMI-down.Watson.ref
RA4.fq	PAMI-down.Watson.ref
RA5.fq	PAMI-down.Watson.ref
RA6.fq	PAMI-down.Watson.ref
RA7.fq	PAMI-down.Watson.ref
RA8.fq	PAMI-down.Watson.ref
RA9.fq	PAMI-down.Watson.ref
RA10.fq	PAMI-down.Watson.ref
RA11.fq	PAMI-down.Watson.ref
RA12.fq	PAMI-down.Watson.ref
RA13.fq	PAMI-down.Watson.ref
RA14.fq	PAMI-down.Watson.ref
RA15.fq	PAMI-down.Watson.ref
RA16.fq	PAMI-down.Watson.ref
Rup1.fq	PAMI-dup.Watson.ref
Rup2.fq	PAMI-dup.Watson.ref
Rup3.fq	PAMI-dup.Watson.ref
Rup4.fq	PAMI-dup.Watson.ref
Rup5.fq	PAMI-dup.Watson.ref
Rup6.fq	PAMI-dup.Watson.ref
Rup7.fq	PAMI-dup.Watson.ref
Rup8.fq	PAMI-dup.Watson.ref
Rup9.fq	PAMI-dup.Watson.ref
Rup10.fq	PAMI-dup.Watson.ref
Rup11.fq	PAMI-dup.Watson.ref
Rup12.fq	PAMI-dup.Watson.ref
Rup13.fq	PAMI-dup.Watson.ref
Rup14.fq	PAMI-dup.Watson.ref
Rup15.fq	PAMI-dup.Watson.ref
Rup16.fq	PAMI-dup.Watson.ref
Ha1.fq	Pcdh-sg1.Watson.ref
Ha9.fq	Pcdh-sg1.Watson.ref
Ha2.fq	Pcdh-sg1.Watson.ref
Ha10.fq	Pcdh-sg1.Watson.ref
Ha3.fq	Pcdh-sg1.Watson.ref
Ha11.fq	Pcdh-sg1.Watson.ref
Ha4.fq	Pcdh-sg1.Watson.ref
Ha12.fq	Pcdh-sg1.Watson.ref
Ha5.fq	Pcdh-sg1.Watson.ref
Ha13.fq	Pcdh-sg1.Watson.ref
Ha6.fq	Pcdh-sg1.Watson.ref
Ha14.fq	Pcdh-sg1.Watson.ref
Ha7.fq	Pcdh-sg1.Watson.ref
Ha15.fq	Pcdh-sg1.Watson.ref
Ha8.fq	Pcdh-sg1.Watson.ref
Ha16.fq	Pcdh-sg1.Watson.ref
Ha17.fq	Pcdh-sg1.Watson.ref
Ha18.fq	Pcdh-sg1.Watson.ref
Ha19.fq	Pcdh-sg1.Watson.ref
Ha20.fq	Pcdh-sg1.Watson.ref
Ha21.fq	Pcdh-sg1.Watson.ref
Ha22.fq	Pcdh-sg1.Watson.ref
Hb1.fq	Pcdh-sg2.Watson.ref
Hb9.fq	Pcdh-sg2.Watson.ref
Hb2.fq	Pcdh-sg2.Watson.ref
Hb10.fq	Pcdh-sg2.Watson.ref
Hb3.fq	Pcdh-sg2.Watson.ref
Hb11.fq	Pcdh-sg2.Watson.ref
Hb4.fq	Pcdh-sg2.Watson.ref
Hb12.fq	Pcdh-sg2.Watson.ref
Hb5.fq	Pcdh-sg2.Watson.ref
Hb13.fq	Pcdh-sg2.Watson.ref
Hb6.fq	Pcdh-sg2.Watson.ref
Hb14.fq	Pcdh-sg2.Watson.ref
Hb7.fq	Pcdh-sg2.Watson.ref
Hb15.fq	Pcdh-sg2.Watson.ref
Hb8.fq	Pcdh-sg2.Watson.ref
Hb16.fq	Pcdh-sg2.Watson.ref
Hb17.fq	Pcdh-sg2.Watson.ref
Hb18.fq	Pcdh-sg2.Watson.ref
Hb19.fq	Pcdh-sg2.Watson.ref
Hb20.fq	Pcdh-sg2.Watson.ref
Hb21.fq	Pcdh-sg2.Watson.ref
Hb22.fq	Pcdh-sg2.Watson.ref
Rinde-a1.fq	PAMI-sg1.Watson.ref
Rinde-a2.fq	PAMI-sg1.Watson.ref
Rinde-a3.fq	PAMI-sg1.Watson.ref
Rinde-a4.fq	PAMI-sg1.Watson.ref
Rb1.fq	PAMI-sg2.Crick.ref
Rb2.fq	PAMI-sg2.Crick.ref
Rb3.fq	PAMI-sg2.Crick.ref
Rb4.fq	PAMI-sg2.Crick.ref
Xa1.fq	PAMII-sg1.Watson.ref
Xa2.fq	PAMII-sg1.Watson.ref
Xa3.fq	PAMII-sg1.Watson.ref
Xa4.fq	PAMII-sg1.Watson.ref
Xb1.fq	PAMII-sg2.Watson.ref
Xb2.fq	PAMII-sg2.Watson.ref
Xb3.fq	PAMII-sg2.Watson.ref
Xb4.fq	PAMII-sg2.Watson.ref
Xa5.fq	PAMII-sg1.Watson.ref
Xa6.fq	PAMII-sg1.Watson.ref
Xa7.fq	PAMII-sg1.Watson.ref
Xa8.fq	PAMII-sg1.Watson.ref
Xb5.fq	PAMII-sg2.Watson.ref
Xb6.fq	PAMII-sg2.Watson.ref
Xb7.fq	PAMII-sg2.Watson.ref
Xb8.fq	PAMII-sg2.Watson.ref
xde1.fq	PAMII-del.Watson.ref
xde2.fq	PAMII-del.Watson.ref
xde3.fq	PAMII-del.Watson.ref
xde4.fq	PAMII-del.Watson.ref
xde5.fq	PAMII-del.Watson.ref
xde6.fq	PAMII-del.Watson.ref
xde7.fq	PAMII-del.Watson.ref
xde8.fq	PAMII-del.Watson.ref
XVF1.fq	PAMII-up.Watson.ref
XVF2.fq	PAMII-up.Watson.ref
XVF3.fq	PAMII-up.Watson.ref
XVF4.fq	PAMII-up.Watson.ref
XVF5.fq	PAMII-up.Watson.ref
XVF6.fq	PAMII-up.Watson.ref
XVF7.fq	PAMII-up.Watson.ref
XVF8.fq	PAMII-up.Watson.ref
XVR1.fq	PAMII-down.Watson.ref
XVR2.fq	PAMII-down.Watson.ref
XVR3.fq	PAMII-down.Watson.ref
XVR4.fq	PAMII-down.Watson.ref
XVR5.fq	PAMII-down.Watson.ref
XVR6.fq	PAMII-down.Watson.ref
XVR7.fq	PAMII-down.Watson.ref
XVR8.fq	PAMII-down.Watson.ref
Xup1.fq	PAMII-dup.Watson.ref
Xup2.fq	PAMII-dup.Watson.ref
Xup3.fq	PAMII-dup.Watson.ref
Xup4.fq	PAMII-dup.Watson.ref
Xup5.fq	PAMII-dup.Watson.ref
Xup6.fq	PAMII-dup.Watson.ref
Xup7.fq	PAMII-dup.Watson.ref
Xup8.fq	PAMII-dup.Watson.ref
8STMd1-A2B3.fq	Beta-globin-del.Watson.ref
8STMd2-A2B4.fq	Beta-globin-del.Watson.ref
SCd1-A3B1.fq	Beta-globin-del.Watson.ref
SCd2-A3B2.fq	Beta-globin-del.Watson.ref
SMd1-A3B3.fq	Beta-globin-del.Watson.ref
SMd2-A3B4.fq	Beta-globin-del.Watson.ref
SRd1-A4B1.fq	Beta-globin-del.Watson.ref
SRd2-A4B2.fq	Beta-globin-del.Watson.ref
SBd1-A4B3.fq	Beta-globin-del.Watson.ref
SBd2-A4B4.fq	Beta-globin-del.Watson.ref
SBd3.fq	Beta-globin-del.Watson.ref
SBd4.fq	Beta-globin-del.Watson.ref
SPd1-A6B3.fq	Beta-globin-del.Watson.ref
SPd2-A6B4.fq	Beta-globin-del.Watson.ref
SPd3.fq	Beta-globin-del.Watson.ref
SPd4.fq	Beta-globin-del.Watson.ref
SEd1-A6B1.fq	Beta-globin-del.Watson.ref
SEd2-A6B2.fq	Beta-globin-del.Watson.ref
SEd3.fq	Beta-globin-del.Watson.ref
SEd4.fq	Beta-globin-del.Watson.ref
SXd1-A5B3.fq	Beta-globin-del.Watson.ref
SXd2-A5B4.fq	Beta-globin-del.Watson.ref
SXd3.fq	Beta-globin-del.Watson.ref
SXd4.fq	Beta-globin-del.Watson.ref
8STMF1-A2C3.fq	Beta-globin-up.Watson.ref
8STMF2-A2C4.fq	Beta-globin-up.Watson.ref
SCF1-A3C1.fq	Beta-globin-up.Watson.ref
SCF2-A3C2.fq	Beta-globin-up.Watson.ref
SMF1-A3C3.fq	Beta-globin-up.Watson.ref
SMF2-A3C4.fq	Beta-globin-up.Watson.ref
SRF1-A4C1.fq	Beta-globin-up.Watson.ref
SRF2-A4C2.fq	Beta-globin-up.Watson.ref
SRF3.fq	Beta-globin-up.Watson.ref
SRF4.fq	Beta-globin-up.Watson.ref
SBF1-A4C3.fq	Beta-globin-up.Watson.ref
SBF2-A4C4.fq	Beta-globin-up.Watson.ref
SPF1-A6C3.fq	Beta-globin-up.Watson.ref
SPF2-A6C4.fq	Beta-globin-up.Watson.ref
SPF3.fq	Beta-globin-up.Watson.ref
SPF4.fq	Beta-globin-up.Watson.ref
SEF1-A6C1.fq	Beta-globin-up.Watson.ref
SEF2-A6C2.fq	Beta-globin-up.Watson.ref
SEF3.fq	Beta-globin-up.Watson.ref
SEF4.fq	Beta-globin-up.Watson.ref
SXF1-A5C3.fq	Beta-globin-up.Watson.ref
SXF2-A5C4.fq	Beta-globin-up.Watson.ref
8STMR1-D2B3.fq	Beta-globin-down.Watson.ref
8STMR2-D2B4.fq	Beta-globin-down.Watson.ref
SCR1-D3B1.fq	Beta-globin-down.Watson.ref
SCR2-D3B2.fq	Beta-globin-down.Watson.ref
SMR1-D3B3.fq	Beta-globin-down.Watson.ref
SMR2-D3B4.fq	Beta-globin-down.Watson.ref
SRR1-D4B1.fq	Beta-globin-down.Watson.ref
SRR2-D4B2.fq	Beta-globin-down.Watson.ref
SBR1-D4B3.fq	Beta-globin-down.Watson.ref
SBR2-D4B4.fq	Beta-globin-down.Watson.ref
SPR1-D6B3.fq	Beta-globin-down.Watson.ref
SPR2-D6B4.fq	Beta-globin-down.Watson.ref
SER1-D6B1.fq	Beta-globin-down.Watson.ref
SER2-D6B2.fq	Beta-globin-down.Watson.ref
SXR1-D5B3.fq	Beta-globin-down.Watson.ref
SXR2-D5B4.fq	Beta-globin-down.Watson.ref
SWT1dup.fq	Beta-globin-dup.Watson.ref
SWT2dup.fq	Beta-globin-dup.Watson.ref
SCtIP1dup.fq	Beta-globin-dup.Watson.ref
SCtIp2dup.fq	Beta-globin-dup.Watson.ref
SMre1dup.fq	Beta-globin-dup.Watson.ref
SMre2dup.fq	Beta-globin-dup.Watson.ref
SRad50-1dup.fq	Beta-globin-dup.Watson.ref
SRad50-2dup.fq	Beta-globin-dup.Watson.ref
SBrca1dup.fq	Beta-globin-dup.Watson.ref
SBrca2dup.fq	Beta-globin-dup.Watson.ref
SParp1dup.fq	Beta-globin-dup.Watson.ref
SParp2dup.fq	Beta-globin-dup.Watson.ref
SExo1dup.fq	Beta-globin-dup.Watson.ref
SExo2dup.fq	Beta-globin-dup.Watson.ref
SXrcc1dup.fq	Beta-globin-dup.Watson.ref
SXrcc2dup.fq	Beta-globin-dup.Watson.ref
Bd1-A1B1.fq	PAMIII-del.Watson.ref
Bd2-A1B2.fq	PAMIII-del.Watson.ref
Bd3.fq	PAMIII-del.Watson.ref
Bd4.fq	PAMIII-del.Watson.ref
Bcd1-A2B1.fq	PAMIII-del.Watson.ref
Bcd2-A2B2.fq	PAMIII-del.Watson.ref
BCd3.fq	PAMIII-del.Watson.ref
BCd4.fq	PAMIII-del.Watson.ref
BF1-A1C1.fq	PAMIII-up.Watson.ref
BF2-A1C2.fq	PAMIII-up.Watson.ref
BF3.fq	PAMIII-up.Watson.ref
BF4.fq	PAMIII-up.Watson.ref
BcF1-A2C1.fq	PAMIII-up.Watson.ref
BcF2-A2C2.fq	PAMIII-up.Watson.ref
BCF3.fq	PAMIII-up.Watson.ref
BCF4.fq	PAMIII-up.Watson.ref
BR1-D1E1.fq	PAMIII-down.Watson.ref
BR2-D1E2.fq	PAMIII-down.Watson.ref
BCR1-D2E1.fq	PAMIII-down.Watson.ref
BCR2-D2E2.fq	PAMIII-down.Watson.ref
gWT1dup.fq	PAMIII-dup.Watson.ref
gWT2dup.fq	PAMIII-dup.Watson.ref
gC1dup.fq	PAMIII-dup.Watson.ref
gC2dup.fq	PAMIII-dup.Watson.ref
R21-1del.fq	PAMIV-del.Watson.ref
R21-2del.fq	PAMIV-del.Watson.ref
R21C-1del.fq	PAMIV-del.Watson.ref
R21C-2del.fq	PAMIV-del.Watson.ref
R21-1VF.fq	PAMIV-down.Watson.ref
R21-2VF.fq	PAMIV-down.Watson.ref
R21C-1VF.fq	PAMIV-down.Watson.ref
R21C-2VF.fq	PAMIV-down.Watson.ref
R21-1VR.fq	PAMIV-up.Watson.ref
R21-2VR.fq	PAMIV-up.Watson.ref
R21C-1VR.fq	PAMIV-up.Watson.ref
R21C-2VR.fq	PAMIV-up.Watson.ref
R21-1dup.fq	PAMIV-dup.Watson.ref
R21-2dup.fq	PAMIV-dup.Watson.ref
R21C-1dup.fq	PAMIV-dup.Watson.ref
R21C-2dup.fq	PAMIV-dup.Watson.ref
USP40-d1.fq	1.16-kb-del.Watson.ref
USP40-d2.fq	1.16-kb-del.Watson.ref
USP40-d3.fq	1.16-kb-del.Watson.ref
USP40-d4.fq	1.16-kb-del.Watson.ref
HoxA-A-d1.fq	53.1-kb-del.Watson.ref
HoxA-A-d2.fq	53.1-kb-del.Watson.ref
HoxA-A-d3.fq	53.1-kb-del.Watson.ref
HoxA-A-d4.fq	53.1-kb-del.Watson.ref
HoxA-A-F1.fq	53.1-kb-down.Watson.ref
HoxA-A-F2.fq	53.1-kb-down.Watson.ref
HoxA-A-F3.fq	53.1-kb-down.Watson.ref
HoxA-A-F4.fq	53.1-kb-down.Watson.ref
HoxA-A-R1.fq	53.1-kb-up.Watson.ref
HoxA-A-R2.fq	53.1-kb-up.Watson.ref
HoxA-A-R3.fq	53.1-kb-up.Watson.ref
HoxA-A-R4.fq	53.1-kb-up.Watson.ref
HoxA-A-P1.fq	53.1-kb-dup.Watson.ref
HoxA-A-P2.fq	53.1-kb-dup.Watson.ref
HoxA-A-P3.fq	53.1-kb-dup.Watson.ref
HoxA-A-P4.fq	53.1-kb-dup.Watson.ref
HoxA-B-d1.fq	107-kb-del.Watson.ref
HoxA-B-d2.fq	107-kb-del.Watson.ref
HoxA-B-d3.fq	107-kb-del.Watson.ref
HoxA-B-d4.fq	107-kb-del.Watson.ref
HoxA-B-F1.fq	107-kb-down.Watson.ref
HoxA-B-F2.fq	107-kb-down.Watson.ref
HoxA-B-F3.fq	107-kb-down.Watson.ref
HoxA-B-F4.fq	107-kb-down.Watson.ref
HoxA-B-R1.fq	107-kb-up.Watson.ref
HoxA-B-R2.fq	107-kb-up.Watson.ref
HoxA-B-R3.fq	107-kb-up.Watson.ref
HoxA-B-R4.fq	107-kb-up.Watson.ref
HoxA-B-P1.fq	107-kb-dup.Watson.ref
HoxA-B-P2.fq	107-kb-dup.Watson.ref
HoxA-B-P3.fq	107-kb-dup.Watson.ref
HoxA-B-P4.fq	107-kb-dup.Watson.ref
B-d1.fq	108-kb-del.Watson.ref
B-d2.fq	108-kb-del.Watson.ref
B-d3.fq	108-kb-del.Watson.ref
B-d4.fq	108-kb-del.Watson.ref
B-F1.fq	108-kb-down.Watson.ref
B-F2.fq	108-kb-down.Watson.ref
B-F3.fq	108-kb-down.Watson.ref
B-F4.fq	108-kb-down.Watson.ref
B-R1.fq	108-kb-up.Watson.ref
B-R2.fq	108-kb-up.Watson.ref
B-R3.fq	108-kb-up.Watson.ref
B-R4.fq	108-kb-up.Watson.ref
B-P1.fq	108-kb-dup.Watson.ref
B-P2.fq	108-kb-dup.Watson.ref
B-P3.fq	108-kb-dup.Watson.ref
B-P4.fq	108-kb-dup.Watson.ref
A-d1.fq	115-kb-del.Watson.ref
A-d2.fq	115-kb-del.Watson.ref
A-d3.fq	115-kb-del.Watson.ref
A-d4.fq	115-kb-del.Watson.ref
A-F1.fq	115-kb-up.Watson.ref
A-F2.fq	115-kb-up.Watson.ref
A-F3.fq	115-kb-up.Watson.ref
A-F4.fq	115-kb-up.Watson.ref
A-R1.fq	115-kb-down.Watson.ref
A-R2.fq	115-kb-down.Watson.ref
A-R3.fq	115-kb-down.Watson.ref
A-R4.fq	115-kb-down.Watson.ref
A-P1.fq	115-kb-dup.Watson.ref
A-P2.fq	115-kb-dup.Watson.ref
A-P3.fq	115-kb-dup.Watson.ref
A-P4.fq	115-kb-dup.Watson.ref
F-d1.fq	1.13-MB-del.Watson.ref
F-d2.fq	1.13-MB-del.Watson.ref
F-d3.fq	1.13-MB-del.Watson.ref
F-d4.fq	1.13-MB-del.Watson.ref
F-F1.fq	1.13-MB-up.Watson.ref
F-F2.fq	1.13-MB-up.Watson.ref
F-F3.fq	1.13-MB-up.Watson.ref
F-F4.fq	1.13-MB-up.Watson.ref
F-R1.fq	1.13-MB-down.Watson.ref
F-R2.fq	1.13-MB-down.Watson.ref
F-R3.fq	1.13-MB-down.Watson.ref
F-R4.fq	1.13-MB-down.Watson.ref
F-P1.fq	1.13-MB-dup.Watson.ref
F-P2.fq	1.13-MB-dup.Watson.ref
F-P3.fq	1.13-MB-dup.Watson.ref
F-P4.fq	1.13-MB-dup.Watson.ref
CTCF-d1.fq	CTCF-dup.Watson.ref
CTCF-d2.fq	CTCF-dup.Watson.ref
CTCF-d3.fq	CTCF-dup.Watson.ref
CTCF-d4.fq	CTCF-dup.Watson.ref
CTCF-F1.fq	CTCF-down.Watson.ref
CTCF-F2.fq	CTCF-down.Watson.ref
CTCF-F3.fq	CTCF-down.Watson.ref
CTCF-F4.fq	CTCF-down.Watson.ref
CTCF-R1.fq	CTCF-up.Watson.ref
CTCF-R2.fq	CTCF-up.Watson.ref
CTCF-R3.fq	CTCF-up.Watson.ref
CTCF-R4.fq	CTCF-up.Watson.ref
CTCF-P1.fq	CTCF-del.Watson.ref
CTCF-P2.fq	CTCF-del.Watson.ref
CTCF-P3.fq	CTCF-del.Watson.ref
CTCF-P4.fq	CTCF-del.Watson.ref
Rad21-d1.fq	RAD21-dup.Watson.ref
Rad21-d2.fq	RAD21-dup.Watson.ref
Rad21-d3.fq	RAD21-dup.Watson.ref
Rad21-d4.fq	RAD21-dup.Watson.ref
Rad21-F1.fq	RAD21-up.Watson.ref
Rad21-F2.fq	RAD21-up.Watson.ref
Rad21-Fa.fq	RAD21-up.Watson.ref
Rad21-Fb.fq	RAD21-up.Watson.ref
Rad21-F3.fq	RAD21-up.Watson.ref
Rad21-F4.fq	RAD21-up.Watson.ref
Rad21-R1.fq	RAD21-down.Watson.ref
Rad21-R2.fq	RAD21-down.Watson.ref
Rad21-Ra.fq	RAD21-down.Watson.ref
Rad21-Rb.fq	RAD21-down.Watson.ref
Rad21-R3.fq	RAD21-down.Watson.ref
Rad21-R4.fq	RAD21-down.Watson.ref
Rad21-Rc.fq	RAD21-down.Watson.ref
Rad21-Rd.fq	RAD21-down.Watson.ref
Rad21-P1.fq	RAD21-del.Watson.ref
Rad21-P2.fq	RAD21-del.Watson.ref
Rad21-P3.fq	RAD21-del.Watson.ref
Rad21-P4.fq	RAD21-del.Watson.ref
RPA1-d1.fq	RPA1-del.Watson.ref
RPA1-d2.fq	RPA1-del.Watson.ref
RPA1-d3.fq	RPA1-del.Watson.ref
RPA1-d4.fq	RPA1-del.Watson.ref
RPA1-F1.fq	RPA1-up.Watson.ref
RPA1-F2.fq	RPA1-up.Watson.ref
RPA1-F3.fq	RPA1-up.Watson.ref
RPA1-F4.fq	RPA1-up.Watson.ref
RPA1-R1.fq	RPA1-down.Watson.ref
RPA1-R2.fq	RPA1-down.Watson.ref
RPA1-R3.fq	RPA1-down.Watson.ref
RPA1-R4.fq	RPA1-down.Watson.ref
RPA1-P1.fq	RPA1-dup.Watson.ref
RPA1-P2.fq	RPA1-dup.Watson.ref
RPA1-P3.fq	RPA1-dup.Watson.ref
RPA1-P4.fq	RPA1-dup.Watson.ref
ZNF143-d1.fq	ZNF143-del.Watson.ref
ZNF143-d2.fq	ZNF143-del.Watson.ref
ZNF143-d3.fq	ZNF143-del.Watson.ref
ZNF143-d4.fq	ZNF143-del.Watson.ref
ZNF143-F1.fq	ZNF143-up.Watson.ref
ZNF143-F2.fq	ZNF143-up.Watson.ref
ZNF143-F3.fq	ZNF143-up.Watson.ref
ZNF143-F4.fq	ZNF143-up.Watson.ref
ZNF143-R1.fq	ZNF143-down.Watson.ref
ZNF143-R2.fq	ZNF143-down.Watson.ref
ZNF143-Ra.fq	ZNF143-down.Watson.ref
ZNF143-Rb.fq	ZNF143-down.Watson.ref
ZNF143-R3.fq	ZNF143-down.Watson.ref
ZNF143-R4.fq	ZNF143-down.Watson.ref
ZNF143-Rc.fq	ZNF143-down.Watson.ref
ZNF143-Rd.fq	ZNF143-down.Watson.ref
ZNF143-P1.fq	ZNF143-dup.Watson.ref
ZNF143-P2.fq	ZNF143-dup.Watson.ref
ZNF143-P3.fq	ZNF143-dup.Watson.ref
ZNF143-P4.fq	ZNF143-dup.Watson.ref
hetero-D-d1.fq	2.39-Kb-del.Watson.ref
hetero-D-d2.fq	2.39-Kb-del.Watson.ref
hetero-D-d3.fq	2.39-Kb-del.Watson.ref
hetero-D-d4.fq	2.39-Kb-del.Watson.ref
hetero-D-F1.fq	2.39-Kb-up.Watson.ref
hetero-D-F2.fq	2.39-Kb-up.Watson.ref
hetero-D-F3.fq	2.39-Kb-up.Watson.ref
hetero-D-F4.fq	2.39-Kb-up.Watson.ref
hetero-D-R1.fq	2.39-Kb-down.Watson.ref
hetero-D-R2.fq	2.39-Kb-down.Watson.ref
hetero-D-R3.fq	2.39-Kb-down.Watson.ref
hetero-D-R4.fq	2.39-Kb-down.Watson.ref
hetero-D-P1.fq	2.39-Kb-dup.Watson.ref
hetero-D-P2.fq	2.39-Kb-dup.Watson.ref
hetero-D-P3.fq	2.39-Kb-dup.Watson.ref
hetero-D-P4.fq	2.39-Kb-dup.Watson.ref
hetero-E-d1.fq	4.15-Kb-del.Watson.ref
hetero-E-d2.fq	4.15-Kb-del.Watson.ref
hetero-E-d3.fq	4.15-Kb-del.Watson.ref
hetero-E-d4.fq	4.15-Kb-del.Watson.ref
HoxA-C-d1.fq	54.6-Kb-del.Watson.ref
HoxA-C-d2.fq	54.6-Kb-del.Watson.ref
HoxA-C-d3.fq	54.6-Kb-del.Watson.ref
HoxA-C-d4.fq	54.6-Kb-del.Watson.ref
HoxA-C-F1.fq	54.6-Kb-down.Watson.ref
HoxA-C-F2.fq	54.6-Kb-down.Watson.ref
HoxA-C-F3.fq	54.6-Kb-down.Watson.ref
HoxA-C-F4.fq	54.6-Kb-down.Watson.ref
HoxA-C-R1.fq	54.6-Kb-up.Watson.ref
HoxA-C-R2.fq	54.6-Kb-up.Watson.ref
HoxA-C-R3.fq	54.6-Kb-up.Watson.ref
HoxA-C-R4.fq	54.6-Kb-up.Watson.ref
HoxA-C-P1.fq	54.6-Kb-dup.Watson.ref
HoxA-C-P2.fq	54.6-Kb-dup.Watson.ref
HoxA-C-P3.fq	54.6-Kb-dup.Watson.ref
HoxA-C-P4.fq	54.6-Kb-dup.Watson.ref
E-d1.fq	1.05-Mb-del.Watson.ref
E-d2.fq	1.05-Mb-del.Watson.ref
E-d3.fq	1.05-Mb-del.Watson.ref
E-d4.fq	1.05-Mb-del.Watson.ref
E-F1.fq	1.05-Mb-down.Watson.ref
E-F2.fq	1.05-Mb-down.Watson.ref
E-F3.fq	1.05-Mb-down.Watson.ref
E-F4.fq	1.05-Mb-down.Watson.ref
E-R1.fq	1.05-Mb-up.Watson.ref
E-R2.fq	1.05-Mb-up.Watson.ref
E-R3.fq	1.05-Mb-up.Watson.ref
E-R4.fq	1.05-Mb-up.Watson.ref
E-P1.fq	1.05-Mb-dup.Watson.ref
E-P2.fq	1.05-Mb-dup.Watson.ref
E-P3.fq	1.05-Mb-dup.Watson.ref
E-P4.fq	1.05-Mb-dup.Watson.ref
WC1-A1E1.fq	Beta-globin-del.Watson.ref
WC2-A2E1.fq	Beta-globin-del.Watson.ref
W0.2-1-A1E2.fq	Beta-globin-del.Watson.ref
W0.2-2-A2E2.fq	Beta-globin-del.Watson.ref
W0.4-1-A1E3.fq	Beta-globin-del.Watson.ref
W0.4-2-A2E3.fq	Beta-globin-del.Watson.ref
W0.8-1-A1E4.fq	Beta-globin-del.Watson.ref
W0.8-2-A2E4.fq	Beta-globin-del.Watson.ref
W1.6-1-A1E5.fq	Beta-globin-del.Watson.ref
W1.6-2-A2E5.fq	Beta-globin-del.Watson.ref
W1F.fq	Beta-globin-up.Watson.ref
dW1F.fq	Beta-globin-up.Watson.ref
W2F.fq	Beta-globin-up.Watson.ref
dW2F.fq	Beta-globin-up.Watson.ref
W3F.fq	Beta-globin-up.Watson.ref
dW3F.fq	Beta-globin-up.Watson.ref
W4F.fq	Beta-globin-up.Watson.ref
dW4F.fq	Beta-globin-up.Watson.ref
W5F.fq	Beta-globin-up.Watson.ref
dW5F.fq	Beta-globin-up.Watson.ref
W1R.fq	Beta-globin-down.Watson.ref
dW1R.fq	Beta-globin-down.Watson.ref
W2R.fq	Beta-globin-down.Watson.ref
dW2R.fq	Beta-globin-down.Watson.ref
W3R.fq	Beta-globin-down.Watson.ref
dW3R.fq	Beta-globin-down.Watson.ref
W4R.fq	Beta-globin-down.Watson.ref
dW4R.fq	Beta-globin-down.Watson.ref
W5R.fq	Beta-globin-down.Watson.ref
dW5R.fq	Beta-globin-down.Watson.ref
W1dup.fq	Beta-globin-dup.Watson.ref
dW1dup.fq	Beta-globin-dup.Watson.ref
W2dup.fq	Beta-globin-dup.Watson.ref
dW2dup.fq	Beta-globin-dup.Watson.ref
W3dup.fq	Beta-globin-dup.Watson.ref
dW3dup.fq	Beta-globin-dup.Watson.ref
W4dup.fq	Beta-globin-dup.Watson.ref
dW4dup.fq	Beta-globin-dup.Watson.ref
W5dup.fq	Beta-globin-dup.Watson.ref
dW5dup.fq	Beta-globin-dup.Watson.ref
14C1-A3E1.fq	Beta-globin-del.Watson.ref
14C2-A4E1.fq	Beta-globin-del.Watson.ref
140.2-1-A3E2.fq	Beta-globin-del.Watson.ref
140.2-2-A4E2.fq	Beta-globin-del.Watson.ref
140.4-1-A3E3.fq	Beta-globin-del.Watson.ref
140.4-2-A4E3.fq	Beta-globin-del.Watson.ref
140.8-1-A3E4.fq	Beta-globin-del.Watson.ref
140.8-2-A4E4.fq	Beta-globin-del.Watson.ref
141.6-1-A3E5.fq	Beta-globin-del.Watson.ref
141.6-2-A4E5.fq	Beta-globin-del.Watson.ref
27C1-A5E1.fq	Beta-globin-del.Watson.ref
27C2-A6E1.fq	Beta-globin-del.Watson.ref
270.2-1-A5E2.fq	Beta-globin-del.Watson.ref
270.2-2-A6E2.fq	Beta-globin-del.Watson.ref
270.4-1-A5E3.fq	Beta-globin-del.Watson.ref
270.4-2-A6E3.fq	Beta-globin-del.Watson.ref
270.8-1-A5E4.fq	Beta-globin-del.Watson.ref
270.8-2-A6E4.fq	Beta-globin-del.Watson.ref
271.6-1-A5E5.fq	Beta-globin-del.Watson.ref
271.6-2-A6E5.fq	Beta-globin-del.Watson.ref
HoxD-3AP-d1.fq	PAMII-del.Watson.ref
HoxD-3AP-d2.fq	PAMII-del.Watson.ref
HoxD-3AP-d1a.fq	PAMII-del.Watson.ref
HoxD-3AP-d2a.fq	PAMII-del.Watson.ref
HoxD-3AP-d3.fq	PAMII-del.Watson.ref
HoxD-3AP-d4.fq	PAMII-del.Watson.ref
HoxD-3AP-d3a.fq	PAMII-del.Watson.ref
HoxD-3AP-d4a.fq	PAMII-del.Watson.ref
glo-3AP-d1.fq	PAMIII-del.Watson.ref
glo-3AP-d2.fq	PAMIII-del.Watson.ref
glo-3AP-d3.fq	PAMIII-del.Watson.ref
glo-3AP-d4.fq	PAMIII-del.Watson.ref
930Kb-3AP-d1.fq	PAMIV-del.Watson.ref
930Kb-3AP-d2.fq	PAMIV-del.Watson.ref
930Kb-3AP-d3.fq	PAMIV-del.Watson.ref
930Kb-3AP-d4.fq	PAMIV-del.Watson.ref
SWd1-A1B1.fq	Beta-globin-del.Watson.ref
SWd2-A1B2.fq	Beta-globin-del.Watson.ref
S14d1-A1B3.fq	Beta-globin-del.Watson.ref
S14d2-A1B4.fq	Beta-globin-del.Watson.ref
S27d1-A2B1.fq	Beta-globin-del.Watson.ref
S27d2-A2B2.fq	Beta-globin-del.Watson.ref
SWF1-A1C1.fq	Beta-globin-up.Watson.ref
SWF2-A1C2.fq	Beta-globin-up.Watson.ref
S14F1-A1C3.fq	Beta-globin-up.Watson.ref
S14F2-A1C4.fq	Beta-globin-up.Watson.ref
S27F1-A2C1.fq	Beta-globin-up.Watson.ref
S27F2-A2C2.fq	Beta-globin-up.Watson.ref
SWR1-D1B1.fq	Beta-globin-down.Watson.ref
SWR2-D1B2.fq	Beta-globin-down.Watson.ref
S14R1-D1B3.fq	Beta-globin-down.Watson.ref
S14R2-D1B4.fq	Beta-globin-down.Watson.ref
S27R1-D2B1.fq	Beta-globin-down.Watson.ref
S27R2-D2B2.fq	Beta-globin-down.Watson.ref
STM1dup.fq	Beta-globin-dup.Watson.ref
STM2dup.fq	Beta-globin-dup.Watson.ref
STM14-1dup.fq	Beta-globin-dup.Watson.ref
STM14-2dup.fq	Beta-globin-dup.Watson.ref
STM27-1dup.fq	Beta-globin-dup.Watson.ref
STM27-2dup.fq	Beta-globin-dup.Watson.ref
BWd1-A3B1.fq	PAMIII-del.Watson.ref
BWd2-A3B2.fq	PAMIII-del.Watson.ref
B14d1-A4B1.fq	PAMIII-del.Watson.ref
B14d2-A4B2.fq	PAMIII-del.Watson.ref
B27d1-A5B1.fq	PAMIII-del.Watson.ref
B27d2-A5B2.fq	PAMIII-del.Watson.ref
BWF1-A3C1.fq	PAMIII-up.Watson.ref
BWF2-A3C2.fq	PAMIII-up.Watson.ref
B14F1-A4C1.fq	PAMIII-up.Watson.ref
B14F2-A4C2.fq	PAMIII-up.Watson.ref
B27F1-A5C1.fq	PAMIII-up.Watson.ref
B27F2-A5C2.fq	PAMIII-up.Watson.ref
BWR1-D3E1.fq	PAMIII-down.Watson.ref
BWR2-D3E2.fq	PAMIII-down.Watson.ref
B14R1-D4E1.fq	PAMIII-down.Watson.ref
B14R2-D4E2.fq	PAMIII-down.Watson.ref
B27R1-D5E1.fq	PAMIII-down.Watson.ref
B27R2-D5E2.fq	PAMIII-down.Watson.ref
gW1dup.fq	PAMIII-dup.Watson.ref
gW2dup.fq	PAMIII-dup.Watson.ref
gctip14-1dup.fq	PAMIII-dup.Watson.ref
gctip14-2dup.fq	PAMIII-dup.Watson.ref
gctip27-1dup.fq	PAMIII-dup.Watson.ref
gctip27-2dup.fq	PAMIII-dup.Watson.ref
STM-d1.fq	Beta-globin-del.Watson.ref
STM-d2.fq	Beta-globin-del.Watson.ref
Fancd2-d1.fq	Beta-globin-del.Watson.ref
Fancd2-d2.fq	Beta-globin-del.Watson.ref
XRCC4-d1.fq	Beta-globin-del.Watson.ref
XRCC4-d2.fq	Beta-globin-del.Watson.ref
lig4-d1.fq	Beta-globin-del.Watson.ref
lig4-d2.fq	Beta-globin-del.Watson.ref
STM-F1.fq	Beta-globin-up.Watson.ref
STM-F2.fq	Beta-globin-up.Watson.ref
Fancd2-F1.fq	Beta-globin-up.Watson.ref
Fancd2-F2.fq	Beta-globin-up.Watson.ref
XRCC4-F1.fq	Beta-globin-up.Watson.ref
XRCC4-F2.fq	Beta-globin-up.Watson.ref
lig4-F1.fq	Beta-globin-up.Watson.ref
lig4-F2.fq	Beta-globin-up.Watson.ref
STM-R1.fq	Beta-globin-down.Watson.ref
STM-R2.fq	Beta-globin-down.Watson.ref
Fancd2-R1.fq	Beta-globin-down.Watson.ref
Fancd2-R2.fq	Beta-globin-down.Watson.ref
XRCC4-R1.fq	Beta-globin-down.Watson.ref
XRCC4-R2.fq	Beta-globin-down.Watson.ref
lig4-R1.fq	Beta-globin-down.Watson.ref
lig4-R2.fq	Beta-globin-down.Watson.ref
STM-dup1.fq	Beta-globin-dup.Watson.ref
STM-dup2.fq	Beta-globin-dup.Watson.ref
Fancd2-dup1.fq	Beta-globin-dup.Watson.ref
Fancd2-dup2.fq	Beta-globin-dup.Watson.ref
XRCC4-dup1.fq	Beta-globin-dup.Watson.ref
XRCC4-dup2.fq	Beta-globin-dup.Watson.ref
lig4-dup1.fq	Beta-globin-dup.Watson.ref
lig4-dup2.fq	Beta-globin-dup.Watson.ref
STM1-1.fq	Beta-globin-sg1.Crick.ref
STM1-2.fq	Beta-globin-sg1.Crick.ref
CtIPa-1.fq	Beta-globin-sg1.Crick.ref
CtIPa-2.fq	Beta-globin-sg1.Crick.ref
STM2-1.fq	Beta-globin-sg2.Crick.ref
STM2-2.fq	Beta-globin-sg2.Crick.ref
CtIPb-1.fq	Beta-globin-sg2.Crick.ref
CtIPb-2.fq	Beta-globin-sg2.Crick.ref
80kb-a-1.fq	PAMIII-sg1.Watson.ref
80kb-a-2.fq	PAMIII-sg1.Watson.ref
80kb-CtIPa-1.fq	PAMIII-sg1.Watson.ref
80kb-CtIPa-2.fq	PAMIII-sg1.Watson.ref
80kb-b-1.fq	PAMIII-sg2.Crick.ref
80kb-b-2.fq	PAMIII-sg2.Crick.ref
80kb-CtIPb-1.fq	PAMIII-sg2.Crick.ref
80kb-CtIPb-2.fq	PAMIII-sg2.Crick.ref
930kb-a-1.fq	PAMIV-sg2.Watson.ref
930kb-a-2.fq	PAMIV-sg2.Watson.ref
930kb-CtIPa-1.fq	PAMIV-sg2.Watson.ref
930kb-CtIPa-2.fq	PAMIV-sg2.Watson.ref
930kb-b-1.fq	PAMIV-sg1.Crick.ref
930kb-b-2.fq	PAMIV-sg1.Crick.ref
930kb-CtIPb-1.fq	PAMIV-sg1.Crick.ref
930kb-CtIPb-2.fq	PAMIV-sg1.Crick.ref
USP40a-1.fq	1.16-kb-sg1.Watson.ref
USP40a-2.fq	1.16-kb-sg1.Watson.ref
USP40-CtIPa-1.fq	1.16-kb-sg1.Watson.ref
USP40-CtIPa-2.fq	1.16-kb-sg1.Watson.ref
USP40b-1.fq	1.16-kb-sg2.Watson.ref
USP40b-2.fq	1.16-kb-sg2.Watson.ref
USP40-CtIPb-1.fq	1.16-kb-sg2.Watson.ref
USP40-CtIPb-2.fq	1.16-kb-sg2.Watson.ref
HOXA-A-a-1.fq	53.1-kb-sg2.Crick.ref
HOXA-A-a-2.fq	53.1-kb-sg2.Crick.ref
HOXA-A-CtIPa-1.fq	53.1-kb-sg2.Crick.ref
HOXA-A-CtIPa-2.fq	53.1-kb-sg2.Crick.ref
HOXA-A-b-1.fq	53.1-kb-sg1.Crick.ref
HOXA-A-b-2.fq	53.1-kb-sg1.Crick.ref
HOXA-A-CtIPb-1.fq	53.1-kb-sg1.Crick.ref
HOXA-A-CtIPb-2.fq	53.1-kb-sg1.Crick.ref
HOXA-B-a-1.fq	107-kb-sg2.Crick.ref
HOXA-B-a-2.fq	107-kb-sg2.Crick.ref
HOXA-B-CtIPa-1.fq	107-kb-sg2.Crick.ref
HOXA-B-CtIPa-2.fq	107-kb-sg2.Crick.ref
HOXA-B-b-1.fq	107-kb-sg1.Crick.ref
HOXA-B-b-2.fq	107-kb-sg1.Crick.ref
HOXA-B-CtIPb-1.fq	107-kb-sg1.Crick.ref
HOXA-B-CtIPb-2.fq	107-kb-sg1.Crick.ref
B-a-1.fq	108-kb-sg2.Watson.ref
B-a-2.fq	108-kb-sg2.Watson.ref
B-CtIPa-1.fq	108-kb-sg2.Watson.ref
B-CtIPa-2.fq	108-kb-sg2.Watson.ref
B-b-1.fq	108-kb-sg1.Crick.ref
B-b-2.fq	108-kb-sg1.Crick.ref
B-CtIPb-1.fq	108-kb-sg1.Crick.ref
B-CtIPb-2.fq	108-kb-sg1.Crick.ref
A-a-1.fq	115-kb-sg1.Crick.ref
A-a-2.fq	115-kb-sg1.Crick.ref
A-CtIPa-1.fq	115-kb-sg1.Crick.ref
A-CtIPa-2.fq	115-kb-sg1.Crick.ref
A-b-1.fq	115-kb-sg2.Crick.ref
A-b-2.fq	115-kb-sg2.Crick.ref
A-CtIPb-1.fq	115-kb-sg2.Crick.ref
A-CtIPb-2.fq	115-kb-sg2.Crick.ref
F-a-1.fq	1.13-MB-sg1.Crick.ref
F-a-2.fq	1.13-MB-sg1.Crick.ref
F-CtIPa-1.fq	1.13-MB-sg1.Crick.ref
F-CtIPa-2.fq	1.13-MB-sg1.Crick.ref
F-b-1.fq	1.13-MB-sg2.Crick.ref
F-b-2.fq	1.13-MB-sg2.Crick.ref
F-CtIPb-1.fq	1.13-MB-sg2.Crick.ref
F-CtIPb-2.fq	1.13-MB-sg2.Crick.ref
CTCFa-1.fq	CTCF-sg1.Crick.ref
CTCFa-2.fq	CTCF-sg1.Crick.ref
CTCF-CtIPa-1.fq	CTCF-sg1.Crick.ref
CTCF-CtIPa-2.fq	CTCF-sg1.Crick.ref
CTCFb-1.fq	CTCF-sg2.Crick.ref
CTCFb-2.fq	CTCF-sg2.Crick.ref
CTCF-CtIPb-1.fq	CTCF-sg2.Crick.ref
CTCF-CtIPb-2.fq	CTCF-sg2.Crick.ref
Rad21a-1.fq	RAD21-sg2.Crick.ref
Rad21a-2.fq	RAD21-sg2.Crick.ref
Rad21-CtIPa-1.fq	RAD21-sg2.Crick.ref
Rad21-CtIPa-2.fq	RAD21-sg2.Crick.ref
Rad21b-1.fq	RAD21-sg1.Watson.ref
Rad21b-2.fq	RAD21-sg1.Watson.ref
Rad21-CtIPb-1.fq	RAD21-sg1.Watson.ref
Rad21-CtIPb-2.fq	RAD21-sg1.Watson.ref
RPA1a-1.fq	RPA1-sg1.Watson.ref
RPA1a-2.fq	RPA1-sg1.Watson.ref
RPA1-CtIPa-1.fq	RPA1-sg1.Watson.ref
RPA1-CtIPa-2.fq	RPA1-sg1.Watson.ref
RPA1b-1.fq	RPA1-sg2.Watson.ref
RPA1b-2.fq	RPA1-sg2.Watson.ref
RPA1-CtIPb-1.fq	RPA1-sg2.Watson.ref
RPA1-CtIPb-2.fq	RPA1-sg2.Watson.ref
ZNF143a-1.fq	ZNF143-sg1.Watson.ref
ZNF143a-2.fq	ZNF143-sg1.Watson.ref
ZNF143-CtIPa-1.fq	ZNF143-sg1.Watson.ref
ZNF143-CtIPa-2.fq	ZNF143-sg1.Watson.ref
ZNF143b-1.fq	ZNF143-sg2.Crick.ref
ZNF143b-2.fq	ZNF143-sg2.Crick.ref
ZNF143-CtIPb-1.fq	ZNF143-sg2.Crick.ref
ZNF143-CtIPb-2.fq	ZNF143-sg2.Crick.ref
hetero-D-a-1.fq	2.39-Kb-sg1.Watson.ref
hetero-D-a-2.fq	2.39-Kb-sg1.Watson.ref
hetero-D-CtIPa-1.fq	2.39-Kb-sg1.Watson.ref
hetero-D-CtIPa-2.fq	2.39-Kb-sg1.Watson.ref
hetero-D-b-1.fq	2.39-Kb-sg2.Crick.ref
hetero-D-b-2.fq	2.39-Kb-sg2.Crick.ref
hetero-D-CtIPb-1.fq	2.39-Kb-sg2.Crick.ref
hetero-D-CtIPb-2.fq	2.39-Kb-sg2.Crick.ref
hetero-E-a-1.fq	4.15-Kb-sg1.Watson.ref
hetero-E-a-2.fq	4.15-Kb-sg1.Watson.ref
hetero-E-CtIPa-1.fq	4.15-Kb-sg1.Watson.ref
hetero-E-CtIPa-2.fq	4.15-Kb-sg1.Watson.ref
hetero-E-b-1.fq	4.15-Kb-sg2.Watson.ref
hetero-E-b-2.fq	4.15-Kb-sg2.Watson.ref
hetero-E-CtIPb-1.fq	4.15-Kb-sg2.Watson.ref
hetero-E-CtIPb-2.fq	4.15-Kb-sg2.Watson.ref
HOXA-C-a-1.fq	54.6-Kb-sg2.Crick.ref
HOXA-C-a-2.fq	54.6-Kb-sg2.Crick.ref
HOXA-C-CtIPa-1.fq	54.6-Kb-sg2.Crick.ref
HOXA-C-CtIPa-2.fq	54.6-Kb-sg2.Crick.ref
HOXA-C-b-1.fq	54.6-Kb-sg1.Crick.ref
HOXA-C-b-2.fq	54.6-Kb-sg1.Crick.ref
HOXA-C-CtIPb-1.fq	54.6-Kb-sg1.Crick.ref
HOXA-C-CtIPb-2.fq	54.6-Kb-sg1.Crick.ref
E-a-1.fq	1.05-Mb-sg2.Watson.ref
E-a-2.fq	1.05-Mb-sg2.Watson.ref
E-CtIPa-1.fq	1.05-Mb-sg2.Watson.ref
E-CtIPa-2.fq	1.05-Mb-sg2.Watson.ref
E-b-1.fq	1.05-Mb-sg1.Crick.ref
E-b-2.fq	1.05-Mb-sg1.Crick.ref
E-CtIPb-1.fq	1.05-Mb-sg1.Crick.ref
E-CtIPb-2.fq	1.05-Mb-sg1.Crick.ref
0del.fq	Beta-globin-del.Watson.ref
d0del.fq	Beta-globin-del.Watson.ref
1del.fq	Beta-globin-del.Watson.ref
d1del.fq	Beta-globin-del.Watson.ref
2del.fq	Beta-globin-del.Watson.ref
d2del.fq	Beta-globin-del.Watson.ref
3del.fq	Beta-globin-del.Watson.ref
d3del.fq	Beta-globin-del.Watson.ref
4del.fq	Beta-globin-del.Watson.ref
d4del.fq	Beta-globin-del.Watson.ref
5del.fq	Beta-globin-del.Watson.ref
d5del.fq	Beta-globin-del.Watson.ref
6del.fq	Beta-globin-del.Watson.ref
d6del.fq	Beta-globin-del.Watson.ref
7del.fq	Beta-globin-del.Watson.ref
d7del.fq	Beta-globin-del.Watson.ref
8del.fq	Beta-globin-del.Watson.ref
d8del.fq	Beta-globin-del.Watson.ref
9del.fq	Beta-globin-del.Watson.ref
d9del.fq	Beta-globin-del.Watson.ref
10del.fq	Beta-globin-del.Watson.ref
d10del.fq	Beta-globin-del.Watson.ref
11del.fq	Beta-globin-del.Watson.ref
d11del.fq	Beta-globin-del.Watson.ref
12del.fq	Beta-globin-del.Watson.ref
d12del.fq	Beta-globin-del.Watson.ref
13del.fq	Beta-globin-del.Watson.ref
d13del.fq	Beta-globin-del.Watson.ref
14del.fq	Beta-globin-del.Watson.ref
d14del.fq	Beta-globin-del.Watson.ref
15del.fq	Beta-globin-del.Watson.ref
d15del.fq	Beta-globin-del.Watson.ref
16del.fq	Beta-globin-del.Watson.ref
d16del.fq	Beta-globin-del.Watson.ref
17del.fq	Beta-globin-del.Watson.ref
d17del.fq	Beta-globin-del.Watson.ref
18del.fq	Beta-globin-del.Watson.ref
d18del.fq	Beta-globin-del.Watson.ref
19del.fq	Beta-globin-del.Watson.ref
d19del.fq	Beta-globin-del.Watson.ref
20del.fq	Beta-globin-del.Watson.ref
d20del.fq	Beta-globin-del.Watson.ref
0VF.fq	Beta-globin-up.Watson.ref
d0VF.fq	Beta-globin-up.Watson.ref
1VF.fq	Beta-globin-up.Watson.ref
d1VF.fq	Beta-globin-up.Watson.ref
2VF.fq	Beta-globin-up.Watson.ref
d2VF.fq	Beta-globin-up.Watson.ref
3VF.fq	Beta-globin-up.Watson.ref
d3VF.fq	Beta-globin-up.Watson.ref
4VF.fq	Beta-globin-up.Watson.ref
d4VF.fq	Beta-globin-up.Watson.ref
5VF.fq	Beta-globin-up.Watson.ref
d5VF.fq	Beta-globin-up.Watson.ref
6VF.fq	Beta-globin-up.Watson.ref
d6VF.fq	Beta-globin-up.Watson.ref
7VF.fq	Beta-globin-up.Watson.ref
d7VF.fq	Beta-globin-up.Watson.ref
8VF.fq	Beta-globin-up.Watson.ref
d8VF.fq	Beta-globin-up.Watson.ref
9VF.fq	Beta-globin-up.Watson.ref
d9VF.fq	Beta-globin-up.Watson.ref
10VF.fq	Beta-globin-up.Watson.ref
d10VF.fq	Beta-globin-up.Watson.ref
11VF.fq	Beta-globin-up.Watson.ref
d11VF.fq	Beta-globin-up.Watson.ref
12VF.fq	Beta-globin-up.Watson.ref
d12VF.fq	Beta-globin-up.Watson.ref
13VF.fq	Beta-globin-up.Watson.ref
d13VF.fq	Beta-globin-up.Watson.ref
14VF.fq	Beta-globin-up.Watson.ref
d14VF.fq	Beta-globin-up.Watson.ref
15VF.fq	Beta-globin-up.Watson.ref
d15VF.fq	Beta-globin-up.Watson.ref
16VF.fq	Beta-globin-up.Watson.ref
d16VF.fq	Beta-globin-up.Watson.ref
17VF.fq	Beta-globin-up.Watson.ref
d17VF.fq	Beta-globin-up.Watson.ref
18VF.fq	Beta-globin-up.Watson.ref
d18VF.fq	Beta-globin-up.Watson.ref
19VF.fq	Beta-globin-up.Watson.ref
d19VF.fq	Beta-globin-up.Watson.ref
20VF.fq	Beta-globin-up.Watson.ref
d20VF.fq	Beta-globin-up.Watson.ref
0VR.fq	Beta-globin-down.Watson.ref
d0VR.fq	Beta-globin-down.Watson.ref
1VR.fq	Beta-globin-down.Watson.ref
d1VR.fq	Beta-globin-down.Watson.ref
2VR.fq	Beta-globin-down.Watson.ref
d2VR.fq	Beta-globin-down.Watson.ref
3VR.fq	Beta-globin-down.Watson.ref
d3VR.fq	Beta-globin-down.Watson.ref
4VR.fq	Beta-globin-down.Watson.ref
d4VR.fq	Beta-globin-down.Watson.ref
5VR.fq	Beta-globin-down.Watson.ref
d5VR.fq	Beta-globin-down.Watson.ref
6VR.fq	Beta-globin-down.Watson.ref
d6VR.fq	Beta-globin-down.Watson.ref
7VR.fq	Beta-globin-down.Watson.ref
d7VR.fq	Beta-globin-down.Watson.ref
8VR.fq	Beta-globin-down.Watson.ref
d8VR.fq	Beta-globin-down.Watson.ref
9VR.fq	Beta-globin-down.Watson.ref
d9VR.fq	Beta-globin-down.Watson.ref
10VR.fq	Beta-globin-down.Watson.ref
d10VR.fq	Beta-globin-down.Watson.ref
11VR.fq	Beta-globin-down.Watson.ref
d11VR.fq	Beta-globin-down.Watson.ref
12VR.fq	Beta-globin-down.Watson.ref
d12VR.fq	Beta-globin-down.Watson.ref
13VR.fq	Beta-globin-down.Watson.ref
d13VR.fq	Beta-globin-down.Watson.ref
14VR.fq	Beta-globin-down.Watson.ref
d14VR.fq	Beta-globin-down.Watson.ref
15VR.fq	Beta-globin-down.Watson.ref
d15VR.fq	Beta-globin-down.Watson.ref
16VR.fq	Beta-globin-down.Watson.ref
d16VR.fq	Beta-globin-down.Watson.ref
17VR.fq	Beta-globin-down.Watson.ref
d17VR.fq	Beta-globin-down.Watson.ref
18VR.fq	Beta-globin-down.Watson.ref
d18VR.fq	Beta-globin-down.Watson.ref
19VR.fq	Beta-globin-down.Watson.ref
d19VR.fq	Beta-globin-down.Watson.ref
20VR.fq	Beta-globin-down.Watson.ref
d20VR.fq	Beta-globin-down.Watson.ref
0dup.fq	Beta-globin-dup.Watson.ref
d0dup.fq	Beta-globin-dup.Watson.ref
1dup.fq	Beta-globin-dup.Watson.ref
d1dup.fq	Beta-globin-dup.Watson.ref
2dup.fq	Beta-globin-dup.Watson.ref
d2dup.fq	Beta-globin-dup.Watson.ref
3dup.fq	Beta-globin-dup.Watson.ref
d3dup.fq	Beta-globin-dup.Watson.ref
4dup.fq	Beta-globin-dup.Watson.ref
d4dup.fq	Beta-globin-dup.Watson.ref
5dup.fq	Beta-globin-dup.Watson.ref
d5dup.fq	Beta-globin-dup.Watson.ref
6dup.fq	Beta-globin-dup.Watson.ref
d6dup.fq	Beta-globin-dup.Watson.ref
7dup.fq	Beta-globin-dup.Watson.ref
d7dup.fq	Beta-globin-dup.Watson.ref
8dup.fq	Beta-globin-dup.Watson.ref
d8dup.fq	Beta-globin-dup.Watson.ref
9dup.fq	Beta-globin-dup.Watson.ref
d9dup.fq	Beta-globin-dup.Watson.ref
10dup.fq	Beta-globin-dup.Watson.ref
d10dup.fq	Beta-globin-dup.Watson.ref
11dup.fq	Beta-globin-dup.Watson.ref
d11dup.fq	Beta-globin-dup.Watson.ref
12dup.fq	Beta-globin-dup.Watson.ref
d12dup.fq	Beta-globin-dup.Watson.ref
13dup.fq	Beta-globin-dup.Watson.ref
d13dup.fq	Beta-globin-dup.Watson.ref
14dup.fq	Beta-globin-dup.Watson.ref
d14dup.fq	Beta-globin-dup.Watson.ref
15dup.fq	Beta-globin-dup.Watson.ref
d15dup.fq	Beta-globin-dup.Watson.ref
16dup.fq	Beta-globin-dup.Watson.ref
d16dup.fq	Beta-globin-dup.Watson.ref
17dup.fq	Beta-globin-dup.Watson.ref
d17dup.fq	Beta-globin-dup.Watson.ref
18dup.fq	Beta-globin-dup.Watson.ref
d18dup.fq	Beta-globin-dup.Watson.ref
19dup.fq	Beta-globin-dup.Watson.ref
d19dup.fq	Beta-globin-dup.Watson.ref
20dup.fq	Beta-globin-dup.Watson.ref
d20dup.fq	Beta-globin-dup.Watson.ref
27S0del.fq	Beta-globin-del.Watson.ref
27Sd0del.fq	Beta-globin-del.Watson.ref
27S4del.fq	Beta-globin-del.Watson.ref
27Sd4del.fq	Beta-globin-del.Watson.ref
27S5del.fq	Beta-globin-del.Watson.ref
27Sd5del.fq	Beta-globin-del.Watson.ref
27S6del.fq	Beta-globin-del.Watson.ref
27Sd6del.fq	Beta-globin-del.Watson.ref
27S8del.fq	Beta-globin-del.Watson.ref
27Sd8del.fq	Beta-globin-del.Watson.ref
27S9del.fq	Beta-globin-del.Watson.ref
27Sd9del.fq	Beta-globin-del.Watson.ref
27S10del.fq	Beta-globin-del.Watson.ref
27Sd10del.fq	Beta-globin-del.Watson.ref
27S20del.fq	Beta-globin-del.Watson.ref
27Sd20del.fq	Beta-globin-del.Watson.ref
27S0F.fq	Beta-globin-up.Watson.ref
27Sd0F.fq	Beta-globin-up.Watson.ref
27S4F.fq	Beta-globin-up.Watson.ref
27Sd4F.fq	Beta-globin-up.Watson.ref
27S5F.fq	Beta-globin-up.Watson.ref
27Sd5F.fq	Beta-globin-up.Watson.ref
27S6F.fq	Beta-globin-up.Watson.ref
27Sd6F.fq	Beta-globin-up.Watson.ref
27S8F.fq	Beta-globin-up.Watson.ref
27Sd8F.fq	Beta-globin-up.Watson.ref
27S9F.fq	Beta-globin-up.Watson.ref
27Sd9F.fq	Beta-globin-up.Watson.ref
27S10F.fq	Beta-globin-up.Watson.ref
27Sd10F.fq	Beta-globin-up.Watson.ref
27S20F.fq	Beta-globin-up.Watson.ref
27Sd20F.fq	Beta-globin-up.Watson.ref
27S0R.fq	Beta-globin-down.Watson.ref
27Sd0R.fq	Beta-globin-down.Watson.ref
27S4R.fq	Beta-globin-down.Watson.ref
27Sd4R.fq	Beta-globin-down.Watson.ref
27S5R.fq	Beta-globin-down.Watson.ref
27Sd5R.fq	Beta-globin-down.Watson.ref
27S6R.fq	Beta-globin-down.Watson.ref
27Sd6R.fq	Beta-globin-down.Watson.ref
27S8R.fq	Beta-globin-down.Watson.ref
27Sd8R.fq	Beta-globin-down.Watson.ref
27S9R.fq	Beta-globin-down.Watson.ref
27Sd9R.fq	Beta-globin-down.Watson.ref
27S10R.fq	Beta-globin-down.Watson.ref
27Sd10R.fq	Beta-globin-down.Watson.ref
27S20R.fq	Beta-globin-down.Watson.ref
27Sd20R.fq	Beta-globin-down.Watson.ref
27S0dup.fq	Beta-globin-dup.Watson.ref
27Sd0dup.fq	Beta-globin-dup.Watson.ref
27S4dup.fq	Beta-globin-dup.Watson.ref
27Sd4dup.fq	Beta-globin-dup.Watson.ref
27S5dup.fq	Beta-globin-dup.Watson.ref
27Sd5dup.fq	Beta-globin-dup.Watson.ref
27S6dup.fq	Beta-globin-dup.Watson.ref
27Sd6dup.fq	Beta-globin-dup.Watson.ref
27S8dup.fq	Beta-globin-dup.Watson.ref
27Sd8dup.fq	Beta-globin-dup.Watson.ref
27S9dup.fq	Beta-globin-dup.Watson.ref
27Sd9dup.fq	Beta-globin-dup.Watson.ref
27S10dup.fq	Beta-globin-dup.Watson.ref
27Sd10dup.fq	Beta-globin-dup.Watson.ref
27S20dup.fq	Beta-globin-dup.Watson.ref
27Sd20dup.fq	Beta-globin-dup.Watson.ref
R0del.fq	PAMIV-del.Watson.ref
Rd0del.fq	PAMIV-del.Watson.ref
R4del.fq	PAMIV-del.Watson.ref
Rd4del.fq	PAMIV-del.Watson.ref
R5del.fq	PAMIV-del.Watson.ref
Rd5del.fq	PAMIV-del.Watson.ref
R6del.fq	PAMIV-del.Watson.ref
Rd6del.fq	PAMIV-del.Watson.ref
R8del.fq	PAMIV-del.Watson.ref
Rd8del.fq	PAMIV-del.Watson.ref
R9del.fq	PAMIV-del.Watson.ref
Rd9del.fq	PAMIV-del.Watson.ref
R10del.fq	PAMIV-del.Watson.ref
Rd10del.fq	PAMIV-del.Watson.ref
R20del.fq	PAMIV-del.Watson.ref
Rd20del.fq	PAMIV-del.Watson.ref
R0F.fq	PAMIV-down.Watson.ref
Rd0F.fq	PAMIV-down.Watson.ref
R4F.fq	PAMIV-down.Watson.ref
Rd4F.fq	PAMIV-down.Watson.ref
R5F.fq	PAMIV-down.Watson.ref
Rd5F.fq	PAMIV-down.Watson.ref
R6F.fq	PAMIV-down.Watson.ref
Rd6F.fq	PAMIV-down.Watson.ref
R8F.fq	PAMIV-down.Watson.ref
Rd8F.fq	PAMIV-down.Watson.ref
R9F.fq	PAMIV-down.Watson.ref
Rd9F.fq	PAMIV-down.Watson.ref
R10F.fq	PAMIV-down.Watson.ref
Rd10F.fq	PAMIV-down.Watson.ref
R20F.fq	PAMIV-down.Watson.ref
Rd20F.fq	PAMIV-down.Watson.ref
R0R.fq	PAMIV-up.Watson.ref
Rd0R.fq	PAMIV-up.Watson.ref
R4R.fq	PAMIV-up.Watson.ref
Rd4R.fq	PAMIV-up.Watson.ref
R5R.fq	PAMIV-up.Watson.ref
Rd5R.fq	PAMIV-up.Watson.ref
R6R.fq	PAMIV-up.Watson.ref
Rd6R.fq	PAMIV-up.Watson.ref
R8R.fq	PAMIV-up.Watson.ref
Rd8R.fq	PAMIV-up.Watson.ref
R9R.fq	PAMIV-up.Watson.ref
Rd9R.fq	PAMIV-up.Watson.ref
R10R.fq	PAMIV-up.Watson.ref
Rd10R.fq	PAMIV-up.Watson.ref
R20R.fq	PAMIV-up.Watson.ref
Rd20R.fq	PAMIV-up.Watson.ref
R0dup.fq	PAMIV-dup.Watson.ref
Rd0dup.fq	PAMIV-dup.Watson.ref
R4dup.fq	PAMIV-dup.Watson.ref
Rd4dup.fq	PAMIV-dup.Watson.ref
R5dup.fq	PAMIV-dup.Watson.ref
Rd5dup.fq	PAMIV-dup.Watson.ref
R6dup.fq	PAMIV-dup.Watson.ref
Rd6dup.fq	PAMIV-dup.Watson.ref
R8dup.fq	PAMIV-dup.Watson.ref
Rd8dup.fq	PAMIV-dup.Watson.ref
R9dup.fq	PAMIV-dup.Watson.ref
Rd9dup.fq	PAMIV-dup.Watson.ref
R10dup.fq	PAMIV-dup.Watson.ref
Rd10dup.fq	PAMIV-dup.Watson.ref
R20dup.fq	PAMIV-dup.Watson.ref
Rd20dup.fq	PAMIV-dup.Watson.ref
G0del.fq	PAMIII-del.Watson.ref
Gd0del.fq	PAMIII-del.Watson.ref
G4del.fq	PAMIII-del.Watson.ref
Gd4del.fq	PAMIII-del.Watson.ref
G5del.fq	PAMIII-del.Watson.ref
Gd5del.fq	PAMIII-del.Watson.ref
G6del.fq	PAMIII-del.Watson.ref
Gd6del.fq	PAMIII-del.Watson.ref
G8del.fq	PAMIII-del.Watson.ref
Gd8del.fq	PAMIII-del.Watson.ref
G9del.fq	PAMIII-del.Watson.ref
Gd9del.fq	PAMIII-del.Watson.ref
G10del.fq	PAMIII-del.Watson.ref
Gd10del.fq	PAMIII-del.Watson.ref
G20del.fq	PAMIII-del.Watson.ref
Gd20del.fq	PAMIII-del.Watson.ref
G0F.fq	PAMIII-up.Watson.ref
Gd0F.fq	PAMIII-up.Watson.ref
G4F.fq	PAMIII-up.Watson.ref
Gd4F.fq	PAMIII-up.Watson.ref
G5F.fq	PAMIII-up.Watson.ref
Gd5F.fq	PAMIII-up.Watson.ref
G6F.fq	PAMIII-up.Watson.ref
Gd6F.fq	PAMIII-up.Watson.ref
G8F.fq	PAMIII-up.Watson.ref
Gd8F.fq	PAMIII-up.Watson.ref
G9F.fq	PAMIII-up.Watson.ref
Gd9F.fq	PAMIII-up.Watson.ref
G10F.fq	PAMIII-up.Watson.ref
Gd10F.fq	PAMIII-up.Watson.ref
G20F.fq	PAMIII-up.Watson.ref
Gd20F.fq	PAMIII-up.Watson.ref
G0R.fq	PAMIII-down.Watson.ref
Gd0R.fq	PAMIII-down.Watson.ref
G4R.fq	PAMIII-down.Watson.ref
Gd4R.fq	PAMIII-down.Watson.ref
G5R.fq	PAMIII-down.Watson.ref
Gd5R.fq	PAMIII-down.Watson.ref
G6R.fq	PAMIII-down.Watson.ref
Gd6R.fq	PAMIII-down.Watson.ref
G8R.fq	PAMIII-down.Watson.ref
Gd8R.fq	PAMIII-down.Watson.ref
G9R.fq	PAMIII-down.Watson.ref
Gd9R.fq	PAMIII-down.Watson.ref
G10R.fq	PAMIII-down.Watson.ref
Gd10R.fq	PAMIII-down.Watson.ref
G20R.fq	PAMIII-down.Watson.ref
Gd20R.fq	PAMIII-down.Watson.ref
G0dup.fq	PAMIII-dup.Watson.ref
Gd0dup.fq	PAMIII-dup.Watson.ref
G0dup-a.fq	PAMIII-dup.Watson.ref
G4dup.fq	PAMIII-dup.Watson.ref
Gd4dup.fq	PAMIII-dup.Watson.ref
G5dup.fq	PAMIII-dup.Watson.ref
Gd5dup.fq	PAMIII-dup.Watson.ref
G6dup.fq	PAMIII-dup.Watson.ref
Gd6dup.fq	PAMIII-dup.Watson.ref
G6dup-a.fq	PAMIII-dup.Watson.ref
G8dup.fq	PAMIII-dup.Watson.ref
Gd8dup.fq	PAMIII-dup.Watson.ref
G9dup.fq	PAMIII-dup.Watson.ref
Gd9dup.fq	PAMIII-dup.Watson.ref
G10dup.fq	PAMIII-dup.Watson.ref
Gd10dup.fq	PAMIII-dup.Watson.ref
G20dup.fq	PAMIII-dup.Watson.ref
Gd20dup.fq	PAMIII-dup.Watson.ref
